continent,"wt.mean(gdpPercap, pop)","wt.sd(gdpPercap, pop)",mean(lifeExp),sd(lifeExp)
Africa,2108.186387574375,2189.1738337822053,48.86533012820513,9.150210228881873
Americas,15477.066845959915,12110.089694800488,64.65873666666667,9.345088002791732
Asia,2949.6042033851772,5240.231803090009,60.06490323232323,11.864531527939569
Europe,15692.8233721053,8903.065246835182,71.90368611111111,5.433177808261515
Oceania,21204.963776250315,7420.355584770156,74.32620833333333,3.7956110578583027
